sequence,target
CCGAAACACTATATTATCTGGCTGCTCATCACCCTGCTGCTGGCGATAAAGGCTTTTGCCTTCTCGCCGGTCTCGGATGTGCTTGCCCTGCGTCAGCTGCTGTTTCCGCTGCTGGCCGCTGCGCTGCTGGCGCCCTATTTTCGCCGTTCGCAGCGGGTAAAACGGACTTTTGTTAATCCGTAATACCCCCACACTTAACC,0
TCAATCCCTTCCATTTTGCCGATGGAGATTTTGAACTGGCGGCGAATATGGGCGTAAGCGCCAGTCGCCATGGCAACGGATTTCAGACCACCGGTGGCGTTGGACGGCAGAGTAATACCGCGGCCGACCGATAGACATTCAACCAACATGCGCCAGCCCTGACCGGCCATGCTTGGGCCGCCGATGATGTAATCGATAGG,0
TGCTACCGCCGAATGACGGCGCTGGCTGTCCCAGCTGGGAGGTAGAGAAGAACACCGGGCGAATGGCGTCGAAATCGCGCTCTTCAACCATGCGTTGCATGAGGACAGAGCCGACCATTCCGCGCCAGCCGATAAAACCAACATTTTTCATAACGTATTCCTGCGAGGTGTGTGCTGTTTGTGCCTGGCCAGTTTCCAAC,0
GCCGCTGGAGGCGCACTGGGCGCATATGGTGGTGCACGGTAGCCTGCATCTGCTGGGCTACGATCATATCGAAGACGACGAAGCGGAAGAGATGGAAGGCCTTGAAACAGAGATAATGCTTGCTCTGGGCTATGAGGACCCGTACATTTCCGAGAAGATTGCGGAATAGCGCCCAGCCGGATGGCGGTGCTTGCGCCTCA,0
GCATACAAACATTGTGGTGGCTCAGGTAAACCCCGGTTGTCCGGTAAGGCGAAAAGAGGGGCACCGATCCAACTGTCGACACCCAGTATGGTGGCCCCTTCGGGAGTGAACACAACGGAAGAAGATAAGGCCAAATTTCTTCTAGGCATGAAAAAGTATGGACTAAAGGGAAAGAAGGTTTCTCTAAGTCGTGTATATGA,0
TTAATTAGCGCAGAATGGAACTGGCGAGTACAGTTATTGATCCCGGCCGTACTGTCGCTAATGGCGACTATTATTGCCTGGCGTCGTTTCCCGGAGTCGCCTCGTTGGCTTGAGTCCCGCGGGCGCTACGCCGAAGCTGAAAAGGTAATGCGTGCCATTGAAGAAGGGGTTGTTCTGCAGACCGGCAAGCCGCTACCGCC,0
CCGACCCGCGGCCGGGTCGCCACATCGACGGTCTCCAGCTGGCCGGCCTCAATCACCGGCAGCAGGCTGTCAAGCCACAGCGCCCGGTAGCGTTCGCTGTTTTTCACCCGCGACAGCTCTTTTGCCGAGCACAGATAGCGGGCGTTGGGAAACAGCGGCACCCAGCGATCGTCCTGCCAGACGGTATTCCATCCGACATG,0
GCATCGGGAGCGGGATGTCATGAAGCCTTTATTACTGACCAATGCATTAATAATCAATGAAGACTTGCGCTATCCGGCCGACATCCTCATTGATAAAGGACGGATCCAGAAAATTGCCTCGCTTATTCCCTCCCGAACGGAATGGCAGGTTATTGATGTGCGAGGGAAATGGGTGATCCCCGGTATGATTGACGATCAGG,0
TTATCTCTATCTATTCTTTCCGGGCATACGCGCGGCGCGGCGGGTCCGGCGGCCAACAGACCCCGATAGACGGGCCTCTCTGCCACATCGCGCGGTGCAAAGGAACGAGCCGCTGAATAACCTGAACGAAAATAAGATTATTCTCACTTCTAACTGTTGGTATAAGGGAGTTGTGTGTATTCTTTTACGTGACAGTGAAT,0
ACTGATCCCCCGTATCGTTCATCTTGGTTTTGGCGCGTTTCATCGCGCTCATCAGGCTGTGTATGCCGATATACTGGCCAGCGAGCACGGCAGCGACTGGGGCTACACCGAAGTTAATCTGATTGGCGGCGAGCAGCAGATCGCCGATCTCCAGCAGCAGGATCTGCTGTATACCGTCGCCGAAATGTCCGCCGACGCCT,0
ACTGCTGCATTAGTAGTACACACTGCTCCAGAGGAGTCAGGTAATACTGCTGATACAGGTTTCTGGGCAGAGAAGAGTAATCCCACAGCGTTTGCAGATATTGCTGACGTAGAGGTGTGCCCAACAACTCCTCTACGCTGGCCGGAGCAAAATAACCCGCAGGCACAGGTGAACGGTTATCGGATAAGGGTTCCGGCGGA,0
CGTTTTTTGTCCCTTCATTGGCGACACCTGTTCGACGATGCCTTGAATGCAAAGCACTTTTTCAAATGAAACAAATGGGGATAAACCGCTTTCGGTCCAAAATAGGATCTTCGGCAAAATGGGGCTTACATCAGCACATTTTGCTAATTCATTTAGTCAGCCCAAAACGCTTTTTCCATGCCAGGGGTTGACTTTAAAAC,0
CCGACAACTGACTTATGAAGAAGGCCATGATGATGGATTAATCTTTACTGGCTGTTATGACTCGTTTAAGCCCATGAGCGAAAATACCATCAACAAAGCCCTTCGCAATATGGGCTATGACACGAAGCAGGACATCTGCGGGCACGGTTTTCGCACGCTGGCCTGTAGTGCCTTAATTGAGTCAGGTTTGTGGTCAGAAG,0
TGAAAAATCCGGGTCCCCTGGTGCAGGCATAAAGGAAGGCAGATGATGAAAATGCAATGGTTATCGGCCCTGGTGCTTGGGGCATTGAGCTGCGCGGCTTTTGCCGAAGAGGCGCCTGCGGACAGCAATCTGATTAAGCAGGGGGAGTATCTGGCGCGGGCGGGGGACTGTGTCGCCTGCCACACCAACGGCAAAACGGG,0
TTATTGCTCTCGGCGTGATTGTCGCTTTCAGCCTGACCGCCATACTGCACTAATGTTTCGCTGAGGGAGGAGCGCCGCTTCCTCCCCATATCCCGTTATTATTATCAATTCTGCAAAAATCTTTTGTCATTTCGTTCACTTTTGTTTTTTTGTGATTGATGTCATGCTTTTGACTTCTGATGTTACGCCGTCCTCTCTGA,0
CCCCGGGCTTCGCGCCGGAGCTGAGCGTGACGCTGGCGGCGCGCTCCGCGCAACAGACGGGCCTGACGAGCGAGGTTGAGCAGCGGGTGACGGGGTATAACCTGTGATCCGCCAGCGTGGAATGTCGTCGCTGCTGATGGTGCTCCTGTTGCTGACCCTCGGCAGCCTGTTACTCGAGGGGCTTAACCTGCAGCAGCGGG,0
AATCATGCCTGGCGACACCTTCAGGCTGACCGCCATCGAGTCGAGTAAAGGCTGTGCTGAATAAACATTGGCTACTGCCAGCGCGCAGGTTAGTGAAAACAACGCCGTTATCCCTGTGGTCAGCATCGTGTCAGGGACTGACGCAGTTTGGATCCTTTGGCCGGTACATCTACTTGCCTTGCATTTCATAAGAGACCCTC,0
CGCTCATTTTCTTGCACCGCTTGCGCAGGCGTCTCGCACCAGTTTTGCAGAACCAAATGAGCATTGGTCCCTCCCAGCCCAAACGAACTAACGGTGGCATGGATCCTTTTCGTTTGTGGGACAGAAGTCACTACATCACTGAGATAAAATGGCGAGGCTGGCTGCAACAGTTTTTTATGTTTATTTACTAGGTTGATCTG,0
AGGTTCTCTTCCACGCTGAGTTGGGAAAAAATGCGTTTATCTTGTGGCACGTAGCCGATACCAATGGCGCTGCGCGATTGAGCGGACAGGGGGGTGAGATCCTGCGGCGGGGCGCCAATGTCATGCCAGGTCATCCGGCCGCTAGCCACCGGCAGGTGGCCAGCAATGCAGTTAACCAGGGTGGTTTTTCCCATGCCCTC,0
GAGCAACGGCAAGGGCGCACCTAATAGTCCGAGCTACCGATTTACCAGGAGAGCGCTCATTTTTCCGTTACTGCCTTTTAAACATAGCAGGGGAAGCCGAAACGGCAACCCCACTACCAAATAGCTTAGTAGCATTGCATGGTGCCGGGTGCCTCCCGGTGAGCATGCCCCAGTCGGCATGGCCCGCGCTGCATTTACAG,0
TTCGGCGTCCTGCCGCCGGTCTCCCGCCTGACCGCCGACCAGACGCAGTACCATTTCCTGTCCGGGTTTACCGCCAAACTGGCCGGCACCGAGCGCGGCGTAACCGAACCCACGCCAACCTTCTCCGCCTGCTTCGGCGCCGCCTTCCTGTCGCTGCACCCGACGCAGTACGCCGAAGTGCTGGTCAAACGCATGCAGGC,0
TTCTTTTCGATATCCGCCATGCCCAGCAGGTCGACGTCACGCAGCACCGGGGTGACCAGACCGCGCGGAGTGGATACGGCCATGCTGACGTCGAAGTAGTTGTGGTACACCACGTCGTCGCCATCGATGGAAGCGTTCACTTCCGGATAGCGTTTCAGCGCTTCCACTACCGCTTTCACGTAGAAGGACATAAAGCCCAG,0
AGCGGGTACAGCTGGCCCGCTGTCTGGCACAGCTATGGCGCGACGGCGCGCCGCAGGGCTGGCTGTTTCTCGATGAGCCTACCTCGGCGCTGGACCTTTACTATCAGCAGCACCTGCTGCGTTTGCTCAAACGGCTCACCGCCGGCGGGCAACTGCACGTCTGCGTGGTGCTGCATGACCTTAACCTCGCCGCCCTGTGG,0
AGCGCAGGTTTTTCAGCACCAGGCGATAATCGCGGCCCAGCTCTTTAACCGACAGCTTTTCGCCCAACCGCGTCGCGGTTTCCGGCATCGCCCGCTGCAGCCCGACGAATGAGATGGCCGCCAGCACGGCGAACAGGACGAACATCATCTCCCATGGCAGCACGTGCACCCAGGCGGCGCCCACCAGCGGCCCCAGCAGC,0
TCAGTATCTCCGGCTGGCTGGCGCTCTGCACCTGGGCCTGCGCCCTGTTCACCAACAACGTCGCCTACGCCTTTCAGCTGGCGGGCTATACCTGCGCCATCATCGCCTTTCCGGTGATTAACATCAGCGACAGCTACGAGCTGTGGGTCATCGCCCAGTCGCGCGTCTGCGAAGTTATCGTCGGGATCCTCTGCGGCGGG,0
GCGGACTTTTATTGGTATTAAAGAGGAAGAGATCGCCAACCGCCAGGACGTGGTAGTGAATGTAGCCATTCACTACCCTGCCGATAAAGCGCGCGACAGCGAGGACATCAATGATGCGCTGAACTACCGCACCATTACCAAGCGTATAATCAGCCATCTTGAGAATGGCCGTTTTTCGCTGCTGGAAAAATTAACTCAGG,0
ATACTCCCGTCGCTCCTTATGACTCAGCCCCACAAAACGCATCCGTCCGGCCCAAAGTTCAGCCAGACCGAAAAACAGGCCGATAACTAGGAAAGCCCCGGCCAGACCGTAATACTCCTGGTACAGCCAGCTGACCCACGGATAAATCTGCCGGGCCAGCTCCGGAATGTGCCACTTCCAGGCAAGCGAATCCGTATTAA,1
CTTTAATGGCGAACGGAGACGTTTTGATGAAAACGGAAATATGCCGGCAATACTGGTGCTCTTTACGCAGTTTTTCAGAGGCCCGCTCTGCGTGCTGACAGATAGCCTGACGGAGTGACTCGTACTCCGTGATCTTCACGCCAAAACTGCGGCTGCAGACAATTTGCTGTTTCGTCGGAGGGGCTTCCTCAAGCGAAAGG,1
ACATGGACCCGGCGGGGTCTGAGACCCTGGCATGTCAATACGATCTCTACGCGGGAACCGGGAGATCTCCCCTCTGACCATCTGCCAGTGTCGGAGATGGCCCGCACCGGGAAGACGAGGAGTCATAGCCGGTGATGTACGGAGAGGAGAAGTCGGACTCGCTCATAGTAGCGGCGAAGCAGGCGAACAACCCGAAAGGA,1
GAGCGGAAGTATCCGCGCGCCGGGCATTCCTGGCCGTGGTTCTGGGTTTTTGCGCAGCACACGCATTCGACCGATCCACGGAGCGGTGTCGTGCGTCGCCATCACATGTATGACCAGACCTTTCAGCGCGCCTTCAAACGTGCCGTAGAACAAGCAGGCATCACGAAGCCCGCCACACCGCACACCCTCCGCCACTCGTT,1
GCGACGCTCAACAGCCACCCAGCTGCACCGCTACCGAGGACAACCAGCCACGGCGGGAGCTTCCAGAACATAAGTGCGACAAGGGCAACTAATGCCAAGCCAAAGTCTTGCGGCTGAAAGATGGCGCTAGTCCATACAGGCTGATACAGCGCGGCCAGCAGCAAGCCGACTACAGCGGCATTGATCCCGGCCAGCGCAGC,1
AGAGTATGGTTTATTACCGGAGCAAGCAAGGGGCTTGGCTATGCTTTTACATGCGCCGCCTTGAAAGCCGGGGATAAAGTTGTTGCAGTTGCAAGGACTATCGATAATTTGGCGAAGCTAGAAGAAACATATCAAGAGAGCTTACTGCCATTAAACCTCGATGTTACAGATAGGGAGGCTGTTTTTTCTACGGTTGAAAC,1
AGGGATAAAAAATCATCTTTTTTTGGTAGGGCGATCTCCGTAGGTTAAGGGGCATTTGGCTAAAAAGCGTCCTATTCTTTGATGGTCATGCTTGCATGACCATCTGAGCAACCAAAAACTACAGATAAACTACAGATAAACTACAAAAAACGTTTTGCCTTAGTGTTGTAAGACTACAAATAGACTACAATAAAACTACA,1
GGTGAACACTGATGCCCCGCCCCAAGCTCAAGTCCGATGACGAGGTACTCGAGGCCGCCACCGTAGTGCTGAAGCGTTGCGGTCCCATAGAGTTCACGCTCAGCGGAGTAGCAAAGGAGGTGGGGCTCTCCCGCGCAGCGTTAATCCAGCGCTTCACCAACCGCGATACGCTGCTGGTGAGGATGATGGAGCGCGGCGTC,1
GTGGGCGCATCAGTGGCGACGTCGCTATGCCACAGGCAATGTGGTAATGGTCAGATACGCCGATGACATCGTCATCGGGTTCGACAAACGATACGATGCCCGGCGCTTCCGTATAGCCATGCAGCGCAGACTGAGGGAGTTCGGACTCACGGTTCACCCGGAGAAAACCCGTCTGATGGAGTTCGGCCGCTTCGCTGCCG,1
TCATCAGCTGATAAATGCTCTTCGGTAACCATTACATCAAGGCCTGTACGGACAAAAATTGCTGAGGCTCGCCGTCTTGAACCATCCAGTATCTCAATCCTTTCACTTTGCTTAATACCAATACAGGGAAAGAACTGCTGAAACTTAATCGTCTGGATAATGGATTTCAGGGATTCCCTGGTCAGTGCAAGTTGATCTCT,1
CAATCTGCCAGGAACCCCGGCCTCGCTTCATTCCTGCTTCAGCCAGCCACGGACGTTTAACTTCTTCAAACTCACCTTCTTTTGGATAAAAGGTAACCGTTGATTCGCCCAGAGCATTTACCCCAGCCTTCACATCACGACTGGCGACAGACGTAGCGACATTGAAGTATTTGACGTAATCGGAAACGCTGATTTTGAAG,1
AAACGCATATATTTTTTCCGGGTATCTTTCGTTTTTTATCTGAAACCACGGAGTTTCCATTTTGATCCAGGGCTTCGCCTCGGCACTGCGAGCGATTACATTCCCGTCGTTGTTGCTCAGGACGACTATCGGCTTTCCTTTCAAATCCGGGCGGAAAACACGTTCACAGCTGGCATAGAAGCTGTTCACATCGGCCAGGG,1
GTCAGGAATTTTTAAACTCACTCCAAGGCACAACACAATTTGCGGGTACCGATTACCGCAGCAAAGACCTCACACCGAAAAAATCAAGGCTACTGGCTGACACCATTTCAGCTGTTTATCTCGATGGCTATGAAGGCAGACAGTAAGTGGATTTACCATAACGCGTCATTACGCGCACCGCTCAGACGGGCTCAGGGCGT,1
TTGATTTGTAATACCTGGGTAATACCGCAGCATGGCTAAATTTTGTTTTTTTTCTTTTAAATCAGTGCGATAGCGTGATTTATCACGCTGCGTTAGGTGTATAGCAGGTTAAGGGATAAAAAATCATCTTTTTTTGGTAGGGCGATCTCCGTAGGTTAAGGGGCATTTGGCTAAAAAGCGTCCTATTCTTTGATGGTCAT,1
CCGTACCCCGCGAGAAAGGATTCATTGTTGACCCAGCCGGAGGGCACCACTTCGGCTTGCAGTAATGGCAGCACAACGTGACCACCGCCGAACACCAGTGATCCGACACGATAGAAGGAATCCACCATTGCCATGGTTTGACTTGGCATCAGTTCGGCCAACACCGGCAGGCCAATCAGCAAGACAAAGAACAGCGAGAG,1
TTGGCCCAAAAATAACAGTAATGTTATTGGTTTTTATTTTCCCGCTTTTTATAAAGCCGATATTTTCAAACTCTATTTCCATTCGCATCACCCACTAAGTATGTTATGCTTTTATCCTTAGCAATATCCATGCTAACTATACCTACCATTACAAGATATTCATACATGATGATTTAAAAACCACTCCTGAATGAGCAAAA,1
ACAATTCGTTCAAGCCGACGCCGCTTCGCGGCGCGGCTTAACTCAAGCGTTAGATGCCAGATTTGGCGTTGCGTATGCTCACAGAAAATCGACAGCCGCAAGACTGTTTTTGGCAACTCATAGCCACCACTATTTATCCTTCATACCGTAGAGGAGATTGCACGTGAAGAACTGGCTCTTTCTGGCTATTGCAATATTTG,1
ACAACCTTACGGGAGTGATTCACTGTCAAAGAATCGGCCCGGTGCTCTGACGCAAGTATCGGGATGGTCACCATTTGTAAGCCGTAGACCTGAGTGGTGATCAAGACTTCGATACCACCGACCGTACCGGTACTAATCGACGACGGTCGTGTTCGTCGCCTGCCGCAGGGACTCTGCACACCTCCGTTTACGCATGTGCC,1
TGCCAATACCTGGATGATGTTCTGCGCTGCACAACGTTCAATCTCCAGGCGCACCGCGCGCACTGCCGACCCTATGTGCGGAGTGAACAGCGTATTCGGATGCGCGAGCAGCGCAGGATCGATCAGCCGCGGCCGGTCCGCGCGAGCCCAGTCTTCCATTTCGAATACATCCGCCGCATACCCGCCGAGCTGGCCTCGCT,1
CTTTGGGCTGGGGATCATCGAAGAGCTACGCCGACACGGCTACGAGATGAGCGCTGGCACCGTGTACCCGATGCTGCACGGCCTGGAAAAAAAAGGCTATCTGACCTCACGCCACGAACGCACCGGGCGACGTGAACGGCGTGTTTATGACATCACTGAACAAGGCAGAACTGCACTTGCTGATGCGAAAACAAAGGTCA,1
GGCGAAACAGTATTCCGAAGATTCGGTCGATAGTGATCCTTCCTTGGCAGCGGAAGCCCTTATGAAATTAGTAGCCAGCAATAATCCGCCTTTGAGGCTTATCCTTGGCAGCATGGTATACGATTTGGCGATGGATACCTTAAAAGCACGGATGGCTACCTGGGAAGAATGGGAAGCTGTTAGCCGTGCATCAGAAAAGG,1
GGGGATATCCCCCTGAGGTCAGCCACGCCCTCGCGGGGATGACCTGTATTTCTCCGTAAGGAGAAAAAAGCAACAGAGATAGGTTAACGTAAAATGTTCAGCGAAAAACCGATATGATTCACCTATCCTGGTAATTTATTATCAGGGAATATAAAGACTTAATCAGGGGACAATATGCCACATCAGCGCGTCCGGTGTCC,1
TCGAGGTTTAATGGCAGTAAGCTCTCTTGATATGTTTCTTCTAGCTTCGCCAAATTATCGATAGTCCTTGCAACTGCAACAACTTTATCCCCGGCTTTCAAGGCGGCGCATGTAAAAGCATAGCCAAGCCCCTTGCTTGCTCCGGTAATAAACCATACTCTTTTATTTTCGCTATTAGGTATCATAGATATTCTCCTTTA,1
GCGGAACATTTCGGAGTGAAACTCACTATGGTGGAACCAGGAGGATATTGGACAGATTTATACACTTCGATGAGTTACAGCAATCCATTAGATTCATACGGTACACTGCGCGATGAGCTGGCGAAACAGTATTCCGAAGATTCGGTCGATAGTGATCCTTCCTTGGCAGCGGAAGCCCTTATGAAATTAGTAGCCAGCAA,1
CCGGGACTGTGGGAAACAGGTCAACTTTGCAGACGGCCCGGACTGTGGGAAACAGGTCAACTTCGCGGGCGGCCGGGAGTGTGGGGAACAGGTCAACTTCGCGGACGGCCCGGACTAAGGGAAACAGGTCAGCTTCTCGGACGGCCCGGACTATGGGAAACAGGTCAACTTCTCGGACGGTCGGGAGTGTGGGAAACAGG,1
AAGATCATCACTATACCAAAGAGAGGGCGCAGCAGGGGTTCGCTCCAGAGAAAAGCGACGCCGGCGCGCATGGAGAGAGTCGCCGTCGTGGTCATCGTCCGAGCGGCACGCGCGGGAAGCACCCACGCGCCGAGCAGACCTGCAAGGACGGAGCAGAACGCCGTCAGCCCGAGCGTTGGCGCAGCGCCAAGCAGGCCGAT,1
AGGGTTTCCCGGCTGATGTTGAACTCGCGGGCAAGCTGCGCCTTGGGCTCGCCGGCCGTCGCTCGCTGCCGCAGGGTAGCAGCCTGCTCATCGGACAGGGCTTTCTTGCGGCCCCGGTACGCGCCACGCTGCTTGGCCAAGGCGATGCCCTCACGCTGCCGCTCGCGGATCAGGGCGCGCTCGAACTCAGCGAAGGCCCC,1
CACTTAACGGGGAGTAGCAGCTGCGACCATTGCAAGCCCGCAACTCGTTGCACCCGGGTTTCAGGCCAGAATCGCCACGCTGCTGCAGATGCAGCGATCATGCCCAAACCTAGAAACGCAAAGATAGCCCGCCACCCAAGCCACATGTCGACGAGCGCTCCGAGCAATGGGCCTACCGCCGGGACCATGGCCAGCATGGA,1
CGCCTGAGCGCCCGGCGCCAGAGGTTTGTTACGTGTGTCCTGAACTTCTGCATGGTGGGGAAGTTGCCCGGTACCGAGTGATAGTTCAGGTATCCCTGAACCACTCTCCTGAGCCATTTTCCCTGTTCGGGGATTGAGTAATGCCAGCGCCTTCGCAGACCGTCTTTGATGGCTTTCAGAGTTGCCGTCATCCGATCCCG,1
